-- phpMyAdmin SQL Dump
-- version 4.8.3
-- https://www.phpmyadmin.net/
--
-- Host: 127.0.0.1
-- Generation Time: Sep 29, 2020 at 07:11 PM
-- Server version: 10.1.35-MariaDB
-- PHP Version: 7.1.21

SET SQL_MODE = "NO_AUTO_VALUE_ON_ZERO";
SET AUTOCOMMIT = 0;
START TRANSACTION;
SET time_zone = "+00:00";


/*!40101 SET @OLD_CHARACTER_SET_CLIENT=@@CHARACTER_SET_CLIENT */;
/*!40101 SET @OLD_CHARACTER_SET_RESULTS=@@CHARACTER_SET_RESULTS */;
/*!40101 SET @OLD_COLLATION_CONNECTION=@@COLLATION_CONNECTION */;
/*!40101 SET NAMES utf8mb4 */;

--
-- Database: `rsi_platform_tubrulant`
--

-- --------------------------------------------------------

--
-- Table structure for table `johnnyemployee`
--

CREATE TABLE `johnnyemployee` (
  `id` int(11) NOT NULL,
  `name` varchar(100) NOT NULL
) ENGINE=InnoDB DEFAULT CHARSET=utf8;

--
-- Dumping data for table `johnnyemployee`
--

INSERT INTO `johnnyemployee` (`id`, `name`) VALUES
(1, 'Adrien'),
(2, 'Alexis'),
(3, 'Alicia'),
(4, 'Anaïs'),
(5, 'Andréane'),
(6, 'Annabelle'),
(7, 'Anthony'),
(8, 'Anthony'),
(9, 'Aurore'),
(10, 'Benoît'),
(11, 'Benoit'),
(12, 'Brice'),
(13, 'Caroline'),
(14, 'Chantal'),
(15, 'Claire'),
(16, 'Claudine'),
(17, 'Diane'),
(18, 'Dickson'),
(19, 'Dorine'),
(20, 'Edern'),
(21, 'Eduard'),
(22, 'Enrica'),
(23, 'Étienne'),
(24, 'Fabien'),
(25, 'Félix'),
(26, 'Gaëlle'),
(27, 'Geneviève'),
(28, 'Guillaume'),
(29, 'Guillaume'),
(30, 'Hugo'),
(31, 'Jérémy'),
(32, 'Judith'),
(33, 'Kaitlyn'),
(34, 'Kimberley'),
(35, 'Kim'),
(36, 'Kym'),
(37, 'Lili-Rose'),
(38, 'Lucia'),
(39, 'Lucie'),
(40, 'Lucile'),
(41, 'Mabel'),
(42, 'Maïté'),
(43, 'Marc'),
(44, 'Marc'),
(45, 'Marie-Pier'),
(46, 'Marlène'),
(47, 'Martin'),
(48, 'Martin'),
(49, 'Mathieu'),
(50, 'Mathilde'),
(51, 'Michel'),
(52, 'Mounir'),
(53, 'Nicolas'),
(54, 'Nicolas'),
(55, 'PABirtz'),
(56, 'Paige'),
(57, 'Patrice'),
(58, 'Phil'),
(59, 'Pierre'),
(60, 'Roger'),
(61, 'Romain'),
(62, 'Samuel'),
(63, 'Samuel'),
(64, 'Saira'),
(65, 'Sara'),
(66, 'Sébastien'),
(67, 'Sevan'),
(68, 'Simon'),
(69, 'Simon'),
(70, 'Simon'),
(71, 'Soufana'),
(72, 'Stéphanie'),
(73, 'Valentin'),
(74, 'Valérie'),
(75, 'Victor'),
(76, 'Xavier');

-- --------------------------------------------------------

--
-- Table structure for table `johnnyorderlog`
--

CREATE TABLE `johnnyorderlog` (
  `id` int(11) NOT NULL,
  `time_created` datetime NOT NULL DEFAULT CURRENT_TIMESTAMP,
  `employeeId` int(11) NOT NULL,
  `skuId` int(11) NOT NULL,
  `quantity` int(11) NOT NULL,
  `totalPrice` int(11) NOT NULL,
  `paidInBox` int(11) DEFAULT NULL
) ENGINE=InnoDB DEFAULT CHARSET=utf8;

--
-- Dumping data for table `johnnyorderlog`
--

INSERT INTO `johnnyorderlog` (`id`, `time_created`, `employeeId`, `skuId`, `quantity`, `totalPrice`, `paidInBox`) VALUES
(100, '2019-09-01 10:30:00', 2, 30, 1, 125, NULL),
(101, '2019-09-01 10:30:00', 51, 17, 1, 50, NULL),
(102, '2019-09-01 10:30:00', 6, 17, 1, 50, NULL),
(103, '2019-09-01 10:30:00', 29, 16, 1, 100, NULL),
(104, '2019-09-01 10:30:00', 28, 17, 1, 50, NULL),
(105, '2019-09-01 10:30:00', 22, 43, 1, 75, NULL),
(106, '2019-09-01 10:30:00', 75, 11, 1, 100, NULL),
(107, '2019-09-01 10:30:00', 33, 43, 1, 75, NULL),
(108, '2019-09-01 10:30:00', 48, 20, 1, 50, NULL),
(109, '2019-09-01 10:30:00', 61, 8, 1, 100, 109),
(110, '2019-09-01 10:30:00', 29, 6, 1, 100, NULL),
(111, '2019-09-01 10:30:00', 73, 11, 1, 100, NULL),
(112, '2019-09-01 10:30:00', 31, 8, 1, 100, NULL),
(113, '2019-09-01 10:30:00', 2, 32, 1, 125, NULL),
(114, '2019-09-02 10:30:00', 7, 29, 1, 125, 114),
(115, '2019-09-02 10:30:00', 61, 3, 1, 75, NULL),
(116, '2019-09-02 10:30:00', 64, 3, 1, 75, NULL),
(117, '2019-09-02 10:30:00', 29, 3, 1, 75, NULL),
(118, '2019-09-02 10:30:00', 44, 14, 1, 0, NULL),
(119, '2019-09-02 10:30:00', 47, 41, 2, 50, 119),
(120, '2019-09-02 10:30:00', 47, 31, 1, 125, 120),
(121, '2019-09-02 10:30:00', 24, 31, 1, 125, 121),
(122, '2019-09-02 10:30:00', 40, 31, 1, 125, NULL),
(123, '2019-09-02 10:30:00', 22, 42, 1, 50, NULL),
(124, '2019-09-02 10:30:00', 29, 3, 1, 75, NULL),
(125, '2019-09-02 10:30:00', 39, 59, 1, 75, NULL),
(126, '2019-09-03 10:30:00', 5, 31, 1, 125, NULL),
(127, '2019-09-03 10:30:00', 54, 14, 1, 150, NULL),
(128, '2019-09-03 10:30:00', 2, 30, 1, 125, NULL),
(129, '2019-09-03 10:30:00', 50, 6, 1, 100, 129),
(130, '2019-09-03 10:30:00', 44, 17, 6, 50, NULL),
(131, '2019-09-03 10:30:00', 5, 49, 1, 50, NULL),
(132, '2019-09-03 10:30:00', 47, 41, 2, 50, NULL),
(133, '2019-09-03 10:30:00', 29, 16, 1, 100, NULL),
(134, '2019-09-03 10:30:00', 15, 40, 1, 0, NULL),
(135, '2019-09-03 10:30:00', 8, 30, 1, 125, NULL),
(136, '2019-09-04 10:30:00', 8, 3, 1, 75, 136),
(137, '2019-09-04 10:30:00', 2, 30, 1, 125, NULL),
(138, '2019-09-04 10:30:00', 73, 30, 1, 125, NULL),
(139, '2019-09-04 10:30:00', 29, 3, 1, 75, NULL),
(140, '2019-09-04 10:30:00', 2, 30, 1, 125, NULL),
(141, '2019-09-04 10:30:00', 15, 17, 1, 50, NULL),
(142, '2019-09-04 10:30:00', 31, 41, 2, 50, 142),
(143, '2019-09-04 10:30:00', 12, 41, 4, 100, NULL),
(144, '2019-09-04 10:30:00', 39, 54, 1, 50, NULL),
(145, '2019-09-04 10:30:00', 48, 31, 1, 125, NULL),
(146, '2019-09-04 10:30:00', 50, 6, 2, 100, NULL),
(147, '2019-09-04 10:30:00', 17, 10, 1, 125, NULL),
(148, '2019-09-05 10:30:00', 17, 32, 1, 125, NULL),
(149, '2019-09-05 10:30:00', 5, 31, 1, 125, NULL),
(150, '2019-09-05 10:30:00', 51, 16, 1, 100, NULL),
(151, '2019-09-05 10:30:00', 29, 6, 1, 100, 151),
(152, '2019-09-05 10:30:00', 5, 10, 1, 125, NULL),
(153, '2019-09-05 10:30:00', 2, 3, 2, 75, 153),
(154, '2019-09-05 10:30:00', 19, 20, 1, 50, 154),
(155, '2019-09-05 10:30:00', 51, 17, 1, 50, NULL),
(156, '2019-09-06 10:30:00', 2, 3, 2, 75, NULL),
(157, '2019-09-07 10:30:00', 33, 35, 1, 150, NULL),
(158, '2019-09-07 10:30:00', 73, 60, 1, 100, NULL),
(159, '2019-09-07 10:30:00', 39, 10, 2, 125, NULL),
(160, '2019-09-07 10:30:00', 73, 60, 1, 100, NULL),
(161, '2019-09-07 10:30:00', 8, 29, 1, 125, 161),
(162, '2019-09-07 10:30:00', 9, 29, 1, 125, 162),
(163, '2019-09-07 10:30:00', 64, 3, 1, 75, NULL),
(164, '2019-09-07 10:30:00', 48, 31, 1, 125, NULL),
(165, '2019-09-07 10:30:00', 29, 3, 1, 75, NULL),
(166, '2019-09-07 10:30:00', 17, 17, 1, 50, NULL),
(167, '2019-09-08 10:30:00', 8, 9, 1, 100, NULL),
(168, '2019-09-08 10:30:00', 47, 9, 1, 100, 168),
(169, '2019-09-08 10:30:00', 31, 9, 1, 100, 169),
(170, '2019-09-08 10:30:00', 48, 20, 4, 50, NULL),
(171, '2019-09-08 10:30:00', 9, 29, 1, 125, NULL),
(172, '2019-09-08 10:30:00', 2, 30, 1, 125, NULL),
(173, '2019-09-08 10:30:00', 19, 30, 1, 125, NULL),
(174, '2019-09-08 10:30:00', 39, 32, 1, 125, NULL),
(175, '2019-09-08 10:30:00', 22, 30, 1, 125, 175),
(176, '2019-09-08 10:30:00', 44, 17, 6, 50, NULL),
(177, '2019-09-09 10:30:00', 35, 43, 1, 75, NULL),
(178, '2019-09-09 10:30:00', 71, 17, 1, 50, 178),
(179, '2019-09-09 10:30:00', 17, 30, 2, 125, NULL),
(180, '2019-09-09 10:30:00', 24, 31, 1, 125, NULL),
(181, '2019-09-09 10:30:00', 51, 17, 1, 50, NULL),
(182, '2019-09-09 10:30:00', 2, 43, 2, 75, NULL),
(183, '2019-09-09 10:30:00', 29, 16, 1, 100, NULL),
(184, '2019-09-09 10:30:00', 50, 44, 1, 100, NULL),
(185, '2019-09-09 10:30:00', 19, 32, 1, 125, NULL),
(186, '2019-09-09 10:30:00', 19, 9, 1, 100, 186),
(187, '2019-09-09 10:30:00', 68, 29, 1, 125, NULL),
(188, '2019-09-10 10:30:00', 6, 17, 2, 50, NULL),
(189, '2019-09-10 10:30:00', 62, 29, 2, 125, NULL),
(190, '2019-09-10 10:30:00', 9, 29, 1, 125, 190),
(191, '2019-09-10 10:30:00', 17, 32, 1, 125, 191),
(192, '2019-09-10 10:30:00', 50, 6, 1, 100, NULL),
(193, '2019-09-10 10:30:00', 2, 30, 1, 125, NULL),
(194, '2019-09-10 10:30:00', 40, 30, 1, 125, 194),
(195, '2019-09-10 10:30:00', 33, 60, 1, 100, NULL),
(196, '2019-09-10 10:30:00', 2, 30, 1, 125, NULL),
(197, '2019-09-11 10:30:00', 7, 29, 1, 125, NULL),
(198, '2019-09-11 10:30:00', 21, 20, 1, 50, NULL),
(199, '2019-09-11 10:30:00', 51, 17, 1, 50, NULL),
(200, '2019-09-11 10:30:00', 51, 58, 1, 125, NULL),
(201, '2019-09-11 10:30:00', 39, 54, 1, 50, 201),
(202, '2019-09-11 10:30:00', 62, 30, 1, 125, NULL),
(203, '2019-09-11 10:30:00', 48, 31, 1, 125, NULL),
(204, '2019-09-11 10:30:00', 50, 17, 1, 50, 204),
(205, '2019-09-11 10:30:00', 40, 60, 1, 100, NULL),
(206, '2019-09-11 10:30:00', 2, 60, 1, 100, NULL),
(207, '2019-09-12 10:30:00', 6, 43, 1, 75, 207),
(208, '2019-09-12 10:30:00', 29, 60, 1, 100, NULL),
(209, '2019-09-12 10:30:00', 21, 29, 1, 125, NULL),
(210, '2019-09-12 10:30:00', 39, 54, 1, 50, NULL),
(211, '2019-09-12 10:30:00', 39, 30, 1, 125, 211),
(212, '2019-09-12 10:30:00', 40, 30, 1, 125, NULL),
(213, '2019-09-12 10:30:00', 2, 30, 1, 125, 213),
(214, '2019-09-12 10:30:00', 50, 43, 1, 75, NULL),
(215, '2019-09-12 10:30:00', 68, 29, 1, 125, NULL),
(216, '2019-09-12 10:30:00', 4, 30, 1, 125, 216),
(217, '2019-09-12 10:30:00', 19, 43, 1, 75, NULL),
(218, '2019-09-12 10:30:00', 21, 43, 1, 75, NULL),
(219, '2019-09-13 10:30:00', 39, 54, 1, 50, NULL),
(220, '2019-09-13 10:30:00', 21, 9, 1, 100, NULL),
(221, '2019-09-13 10:30:00', 31, 9, 1, 100, NULL),
(222, '2019-09-13 10:30:00', 20, 6, 1, 100, NULL),
(223, '2019-09-13 10:30:00', 68, 9, 1, 100, NULL),
(224, '2019-09-13 10:30:00', 22, 30, 1, 125, NULL),
(225, '2019-09-13 10:30:00', 47, 31, 1, 125, 225),
(226, '2019-09-13 10:30:00', 73, 30, 1, 125, NULL),
(227, '2019-09-13 10:30:00', 47, 41, 2, 50, NULL),
(228, '2019-09-13 10:30:00', 32, 11, 1, 100, NULL),
(229, '2019-09-13 10:30:00', 5, 31, 1, 125, 229),
(230, '2019-09-14 10:30:00', 44, 17, 4, 50, NULL),
(231, '2019-09-14 10:30:00', 24, 31, 1, 125, 231),
(232, '2019-09-14 10:30:00', 17, 30, 1, 125, NULL),
(233, '2019-09-14 10:30:00', 48, 31, 1, 125, NULL),
(234, '2019-09-14 10:30:00', 29, 43, 1, 75, NULL),
(235, '2019-09-14 10:30:00', 2, 30, 2, 125, NULL),
(236, '2019-09-14 10:30:00', 14, 30, 1, 125, 236),
(237, '2019-09-14 10:30:00', 50, 8, 1, 100, NULL),
(238, '2019-09-14 10:30:00', 73, 11, 1, 100, NULL),
(239, '2019-09-14 10:30:00', 21, 29, 1, 125, NULL),
(240, '2019-09-14 10:30:00', 17, 30, 1, 125, 240),
(241, '2019-09-14 10:30:00', 32, 32, 1, 125, NULL),
(242, '2019-09-14 10:30:00', 40, 32, 1, 125, 242),
(243, '2019-09-14 10:30:00', 22, 36, 1, 0, NULL),
(244, '2019-09-14 10:30:00', 47, 9, 1, 100, NULL),
(245, '2019-09-15 10:30:00', 47, 41, 2, 50, NULL),
(246, '2019-09-15 10:30:00', 2, 29, 1, 125, 246),
(247, '2019-09-15 10:30:00', 62, 29, 1, 125, NULL),
(248, '2019-09-15 10:30:00', 62, 43, 1, 75, NULL),
(249, '2019-09-15 10:30:00', 30, 29, 1, 125, 249),
(250, '2019-09-15 10:30:00', 2, 29, 1, 125, NULL),
(251, '2019-09-15 10:30:00', 28, 32, 1, 125, NULL),
(252, '2019-09-15 10:30:00', 32, 30, 1, 125, NULL),
(253, '2019-09-15 10:30:00', 7, 29, 1, 125, NULL),
(254, '2019-09-15 10:30:00', 15, 2, 1, 0, NULL),
(255, '2019-09-15 10:30:00', 31, 30, 1, 125, NULL),
(256, '2019-09-15 10:30:00', 31, 9, 1, 100, NULL),
(257, '2019-09-15 10:30:00', 2, 11, 1, 100, NULL),
(258, '2019-09-15 10:30:00', 48, 43, 1, 75, 258),
(259, '2019-09-15 10:30:00', 62, 1, 2, 50, 259),
(260, '2019-09-16 10:30:00', 29, 43, 1, 75, NULL),
(261, '2019-09-16 10:30:00', 50, 43, 1, 75, NULL),
(262, '2019-09-16 10:30:00', 22, 11, 1, 100, NULL),
(263, '2019-09-16 10:30:00', 73, 11, 1, 100, NULL),
(264, '2019-09-16 10:30:00', 61, 12, 2, 100, NULL),
(265, '2019-09-16 10:30:00', 30, 6, 1, 100, 265),
(266, '2019-09-17 10:30:00', 28, 6, 1, 0, NULL),
(267, '2019-09-17 10:30:00', 22, 9, 1, 100, NULL),
(268, '2019-09-17 10:30:00', 40, 30, 1, 125, NULL),
(269, '2019-09-17 10:30:00', 74, 30, 1, 125, 269),
(270, '2019-09-17 10:30:00', 47, 41, 2, 50, NULL),
(271, '2019-09-18 10:30:00', 31, 31, 1, 125, NULL),
(272, '2019-09-18 10:30:00', 15, 5, 1, 0, NULL),
(273, '2019-09-18 10:30:00', 24, 30, 1, 125, NULL),
(274, '2019-09-18 10:30:00', 19, 32, 1, 125, 274),
(275, '2019-09-18 10:30:00', 51, 17, 1, 50, NULL),
(276, '2019-09-18 10:30:00', 51, 58, 1, 125, NULL),
(277, '2019-09-18 10:30:00', 31, 41, 2, 50, 277),
(278, '2019-09-18 10:30:00', 21, 29, 1, 125, NULL),
(279, '2019-09-18 10:30:00', 47, 29, 1, 125, NULL),
(280, '2019-09-18 10:30:00', 47, 9, 1, 100, NULL),
(281, '2019-09-18 10:30:00', 5, 31, 1, 125, NULL),
(282, '2019-09-18 10:30:00', 40, 54, 1, 50, NULL),
(283, '2019-09-18 10:30:00', 51, 6, 1, 100, NULL),
(284, '2019-09-18 10:30:00', 19, 32, 1, 125, NULL),
(285, '2019-09-19 10:30:00', 31, 41, 1, 50, NULL),
(286, '2019-09-19 10:30:00', 48, 31, 1, 125, NULL),
(287, '2019-09-19 10:30:00', 17, 43, 2, 75, NULL),
(288, '2019-09-19 10:30:00', 21, 11, 1, 100, NULL),
(289, '2019-09-19 10:30:00', 50, 6, 1, 100, NULL),
(290, '2019-09-19 10:30:00', 22, 5, 1, 125, NULL),
(291, '2019-09-19 10:30:00', 22, 41, 2, 50, NULL),
(292, '2019-09-19 10:30:00', 31, 9, 1, 100, NULL),
(293, '2019-09-19 10:30:00', 31, 29, 1, 125, NULL),
(294, '2019-09-19 10:30:00', 47, 31, 1, 125, NULL),
(295, '2019-09-19 10:30:00', 40, 31, 1, 125, NULL),
(296, '2019-09-20 10:30:00', 7, 29, 1, 125, NULL),
(297, '2019-09-20 10:30:00', 24, 10, 1, 125, NULL),
(298, '2019-09-20 10:30:00', 31, 29, 1, 125, NULL),
(299, '2019-09-20 10:30:00', 21, 43, 1, 75, NULL),
(300, '2019-09-20 10:30:00', 21, 9, 1, 100, NULL),
(301, '2019-09-20 10:30:00', 31, 9, 1, 100, NULL),
(302, '2019-09-20 10:30:00', 68, 29, 1, 125, NULL),
(303, '2019-09-20 10:30:00', 30, 4, 1, 50, NULL),
(304, '2019-09-20 10:30:00', 7, 29, 1, 125, NULL),
(305, '2019-09-20 10:30:00', 44, 17, 4, 50, 305),
(306, '2019-09-20 10:30:00', 51, 58, 1, 125, NULL),
(307, '2019-09-21 10:30:00', 50, 22, 1, 75, NULL),
(308, '2019-09-21 10:30:00', 61, 9, 1, 100, NULL),
(309, '2019-09-21 10:30:00', 29, 16, 1, 100, NULL),
(310, '2019-09-21 10:30:00', 48, 31, 1, 125, NULL),
(311, '2019-09-21 10:30:00', 14, 30, 1, 125, NULL),
(312, '2019-09-21 10:30:00', 21, 11, 1, 100, NULL),
(313, '2019-09-21 10:30:00', 21, 60, 1, 100, NULL),
(314, '2019-09-21 10:30:00', 40, 60, 1, 100, 314),
(315, '2019-09-21 10:30:00', 50, 6, 1, 100, NULL),
(316, '2019-09-21 10:30:00', 73, 60, 2, 100, NULL),
(317, '2019-09-22 10:30:00', 2, 60, 1, 100, NULL),
(318, '2019-09-23 10:30:00', 32, 60, 1, 100, NULL),
(319, '2019-09-24 10:30:00', 30, 29, 1, 125, NULL),
(320, '2019-09-24 10:30:00', 48, 31, 1, 125, NULL),
(321, '2019-09-24 10:30:00', 61, 12, 1, 100, NULL),
(322, '2019-09-24 10:30:00', 17, 60, 1, 100, NULL),
(323, '2019-09-24 10:30:00', 76, 30, 1, 125, NULL),
(324, '2019-09-24 10:30:00', 44, 17, 1, 50, NULL),
(325, '2019-09-25 10:30:00', 19, 4, 1, 75, NULL),
(326, '2019-09-25 10:30:00', 22, 4, 1, 75, NULL),
(327, '2019-09-25 10:30:00', 9, 29, 1, 125, NULL),
(328, '2019-09-25 10:30:00', 48, 31, 1, 125, NULL),
(329, '2019-09-25 10:30:00', 21, 11, 1, 100, NULL),
(330, '2019-09-25 10:30:00', 61, 12, 1, 100, NULL),
(331, '2019-09-25 10:30:00', 20, 6, 7, 100, NULL),
(332, '2019-09-25 10:30:00', 20, 29, 4, 125, 332),
(333, '2019-09-26 10:30:00', 50, 6, 1, 100, 333),
(334, '2019-09-26 10:30:00', 21, 9, 1, 100, NULL),
(335, '2019-09-27 10:30:00', 24, 29, 1, 125, NULL),
(336, '2019-09-27 10:30:00', 21, 11, 1, 100, 336),
(337, '2019-09-27 10:30:00', 19, 31, 1, 125, 337),
(338, '2019-09-27 10:30:00', 21, 11, 1, 100, NULL),
(339, '2019-09-27 10:30:00', 44, 17, 4, 50, NULL),
(340, '2019-09-27 10:30:00', 47, 16, 1, 100, NULL),
(341, '2019-09-27 10:30:00', 47, 1, 1, 50, NULL),
(342, '2019-09-28 10:30:00', 31, 29, 1, 125, NULL),
(343, '2019-09-28 10:30:00', 50, 17, 2, 50, NULL),
(344, '2019-09-28 10:30:00', 6, 17, 1, 50, NULL),
(345, '2019-09-28 10:30:00', 3, 42, 1, 50, NULL),
(346, '2019-09-28 10:30:00', 21, 29, 1, 125, NULL),
(347, '2019-09-28 10:30:00', 29, 31, 1, 125, NULL),
(348, '2019-09-28 10:30:00', 15, 2, 1, 100, NULL),
(349, '2019-09-28 10:30:00', 16, 43, 1, 75, NULL),
(350, '2019-09-29 10:30:00', 44, 58, 2, 125, NULL),
(351, '2019-09-29 10:30:00', 2, 54, 2, 50, NULL),
(352, '2019-09-29 10:30:00', 31, 9, 1, 100, NULL),
(353, '2019-09-29 10:30:00', 31, 29, 1, 125, 353),
(354, '2019-09-30 10:30:00', 24, 31, 1, 125, NULL),
(355, '2019-09-30 10:30:00', 22, 41, 2, 50, 355),
(356, '2019-09-30 10:30:00', 39, 20, 1, 50, 356),
(357, '2019-09-30 10:30:00', 30, 6, 1, 100, NULL),
(358, '2019-09-30 10:30:00', 22, 4, 1, 75, NULL);

-- --------------------------------------------------------

--
-- Table structure for table `johnnypaymentlog`
--

CREATE TABLE `johnnypaymentlog` (
  `id` int(11) NOT NULL,
  `time_created` datetime NOT NULL DEFAULT CURRENT_TIMESTAMP,
  `employeeId` int(11) NOT NULL,
  `amount` int(11) NOT NULL
) ENGINE=InnoDB DEFAULT CHARSET=utf8;

--
-- Dumping data for table `johnnypaymentlog`
--

INSERT INTO `johnnypaymentlog` (`id`, `time_created`, `employeeId`, `amount`) VALUES
(109, '2019-09-01 10:30:00', 61, 100),
(114, '2019-09-02 10:30:00', 7, 125),
(119, '2019-09-02 10:30:00', 47, 50),
(120, '2019-09-02 10:30:00', 47, 125),
(121, '2019-09-02 10:30:00', 24, 125),
(129, '2019-09-03 10:30:00', 50, 100),
(136, '2019-09-04 10:30:00', 8, 75),
(142, '2019-09-04 10:30:00', 31, 50),
(151, '2019-09-05 10:30:00', 29, 100),
(153, '2019-09-05 10:30:00', 2, 75),
(154, '2019-09-05 10:30:00', 19, 50),
(161, '2019-09-07 10:30:00', 8, 125),
(162, '2019-09-07 10:30:00', 9, 125),
(168, '2019-09-08 10:30:00', 47, 100),
(169, '2019-09-08 10:30:00', 31, 100),
(175, '2019-09-08 10:30:00', 22, 125),
(178, '2019-09-09 10:30:00', 71, 50),
(186, '2019-09-09 10:30:00', 19, 100),
(190, '2019-09-10 10:30:00', 9, 125),
(191, '2019-09-10 10:30:00', 17, 125),
(194, '2019-09-10 10:30:00', 40, 125),
(201, '2019-09-11 10:30:00', 39, 50),
(204, '2019-09-11 10:30:00', 50, 50),
(207, '2019-09-12 10:30:00', 6, 75),
(211, '2019-09-12 10:30:00', 39, 125),
(213, '2019-09-12 10:30:00', 2, 125),
(216, '2019-09-12 10:30:00', 4, 125),
(225, '2019-09-13 10:30:00', 47, 125),
(229, '2019-09-13 10:30:00', 5, 125),
(231, '2019-09-14 10:30:00', 24, 125),
(236, '2019-09-14 10:30:00', 14, 125),
(240, '2019-09-14 10:30:00', 17, 125),
(242, '2019-09-14 10:30:00', 40, 125),
(246, '2019-09-15 10:30:00', 2, 125),
(249, '2019-09-15 10:30:00', 30, 125),
(258, '2019-09-15 10:30:00', 48, 75),
(259, '2019-09-15 10:30:00', 62, 50),
(265, '2019-09-16 10:30:00', 30, 100),
(269, '2019-09-17 10:30:00', 74, 125),
(274, '2019-09-18 10:30:00', 19, 125),
(277, '2019-09-18 10:30:00', 31, 50),
(305, '2019-09-20 10:30:00', 44, 50),
(314, '2019-09-21 10:30:00', 40, 100),
(332, '2019-09-25 10:30:00', 20, 125),
(333, '2019-09-26 10:30:00', 50, 100),
(336, '2019-09-27 10:30:00', 21, 100),
(337, '2019-09-27 10:30:00', 19, 125),
(353, '2019-09-29 10:30:00', 31, 125),
(355, '2019-09-30 10:30:00', 22, 50),
(356, '2019-09-30 10:30:00', 39, 50);

-- --------------------------------------------------------

--
-- Table structure for table `johnnysku`
--

CREATE TABLE `johnnysku` (
  `id` int(11) NOT NULL,
  `name` varchar(100) NOT NULL,
  `price` int(11) NOT NULL,
  `stock` int(11) DEFAULT '0'
) ENGINE=InnoDB DEFAULT CHARSET=utf8;

--
-- Dumping data for table `johnnysku`
--

INSERT INTO `johnnysku` (`id`, `name`, `price`, `stock`) VALUES
(1, 'Fromage', 50, 45),
(2, 'Yogourt', 100, 50),
(3, 'Granola', 75, 30),
(4, 'Jus Oasis', 75, 30),
(5, 'Natura', 75, 50),
(6, 'Perrier', 100, 15),
(7, 'Liqueur (coke..)', 100, 50),
(8, '7up', 100, 10),
(9, 'Coke', 100, 50),
(10, 'Aero', 125, 12),
(11, 'San Pellegrino', 100, 50),
(12, 'San Pellegrino - Citron', 100, 15),
(13, 'San Pellegrino - Pomegranate', 100, 50),
(14, 'Arizona', 150, 14),
(15, 'Vita Coconut', 175, 50),
(16, 'Gatorade', 100, 13),
(17, 'Chips', 50, 50),
(18, 'Chips - Lays', 50, 19),
(19, 'Chips - Ruffles', 50, 50),
(20, 'Chips - Doritos', 50, 26),
(21, 'Ritz snacks', 50, 50),
(22, 'Garder Veggie Snacks', 75, 50),
(23, 'Snapea peas', 75, 20),
(24, 'PopCorners', 75, 50),
(25, 'Amandes Blue Diamond', 125, 50),
(26, 'Ramen Noodles', 150, 14),
(27, 'Barre Quaker Chewy', 50, 50),
(28, 'True to nature', 75, 50),
(29, 'Barres chocolat', 125, 50),
(30, 'KitKat', 125, 50),
(31, 'Coffee Crisp', 125, 23),
(32, 'Smarties', 125, 50),
(33, 'Oh Henry!', 125, 50),
(34, 'Clif Bar', 125, 5),
(35, 'Clif Organic Trail Mix Bar', 150, 50),
(36, 'Clif Builder\'s', 150, 50),
(37, 'Smart for life', 150, 50),
(38, 'Bio Protein', 200, 50),
(39, 'Barre Glutino', 100, 25),
(40, 'Dad\'s Biscuits', 50, 50),
(41, 'Pattes d\'Ours', 50, 50),
(42, 'Quaker Gruau', 50, 36),
(43, 'Fig Bar / Barre aux figues', 75, 50),
(44, 'Mott\'s Fruitsations', 100, 50),
(45, 'Applesnax', 50, 50),
(46, 'Sachet jujubes Maynards', 125, 50),
(47, 'Kinder Suprise', 100, 50),
(48, 'Nutella&GO', 200, 50),
(49, 'Sesame Snaps', 50, 50),
(50, 'Thinsations', 50, 50),
(51, 'Welch Ice (congélateur)', 50, 50),
(52, 'Gommes Excel/Dentyne', 100, 48),
(53, 'Excel Menthes', 200, 50),
(54, 'Compote', 50, 45),
(55, 'Babybel', 50, 50),
(56, 'Smarties', 125, 50),
(57, 'Jus rougemont', 50, 36),
(58, 'pop tarts', 125, 50),
(59, 'Mini Chips Ahoy', 75, 3),
(60, 'Pop Corn', 100, 50);

--
-- Indexes for dumped tables
--

--
-- Indexes for table `johnnyemployee`
--
ALTER TABLE `johnnyemployee`
  ADD PRIMARY KEY (`id`);

--
-- Indexes for table `johnnyorderlog`
--
ALTER TABLE `johnnyorderlog`
  ADD PRIMARY KEY (`id`),
  ADD KEY `employeeId` (`employeeId`),
  ADD KEY `skuId` (`skuId`);

--
-- Indexes for table `johnnypaymentlog`
--
ALTER TABLE `johnnypaymentlog`
  ADD PRIMARY KEY (`id`),
  ADD KEY `employeeId` (`employeeId`);

--
-- Indexes for table `johnnysku`
--
ALTER TABLE `johnnysku`
  ADD PRIMARY KEY (`id`);

--
-- AUTO_INCREMENT for dumped tables
--

--
-- AUTO_INCREMENT for table `johnnyemployee`
--
ALTER TABLE `johnnyemployee`
  MODIFY `id` int(11) NOT NULL AUTO_INCREMENT, AUTO_INCREMENT=77;

--
-- AUTO_INCREMENT for table `johnnyorderlog`
--
ALTER TABLE `johnnyorderlog`
  MODIFY `id` int(11) NOT NULL AUTO_INCREMENT, AUTO_INCREMENT=359;

--
-- AUTO_INCREMENT for table `johnnypaymentlog`
--
ALTER TABLE `johnnypaymentlog`
  MODIFY `id` int(11) NOT NULL AUTO_INCREMENT, AUTO_INCREMENT=357;

--
-- AUTO_INCREMENT for table `johnnysku`
--
ALTER TABLE `johnnysku`
  MODIFY `id` int(11) NOT NULL AUTO_INCREMENT, AUTO_INCREMENT=61;

--
-- Constraints for dumped tables
--

--
-- Constraints for table `johnnyorderlog`
--
ALTER TABLE `johnnyorderlog`
  ADD CONSTRAINT `fk_orderlog_employeeid` FOREIGN KEY (`employeeId`) REFERENCES `johnnyemployee` (`id`),
  ADD CONSTRAINT `fk_orderlog_skuid` FOREIGN KEY (`skuId`) REFERENCES `johnnysku` (`id`);

--
-- Constraints for table `johnnypaymentlog`
--
ALTER TABLE `johnnypaymentlog`
  ADD CONSTRAINT `fk_paymentlog_employeeid` FOREIGN KEY (`employeeId`) REFERENCES `johnnyemployee` (`id`);
COMMIT;

/*!40101 SET CHARACTER_SET_CLIENT=@OLD_CHARACTER_SET_CLIENT */;
/*!40101 SET CHARACTER_SET_RESULTS=@OLD_CHARACTER_SET_RESULTS */;
/*!40101 SET COLLATION_CONNECTION=@OLD_COLLATION_CONNECTION */;
